{
  "rmse": 10.44555051271328,
  "mae": 8.169278346142125,
  "r2": 0.9650168473656366
}